{
  "add_prefix_space": false,
  "bos_token": {
    "__type": "AddedToken",
    "content": "<|startoftext|>",
    "lstrip": false,
    "normalized": true,
    "rstrip": false,
    "single_word": false
  },
  "clean_up_tokenization_spaces": true,
  "do_lower_case": true,
  "eos_token": {
    "__type": "AddedToken",
    "content": "<|endoftext|>",
    "lstrip": false,
    "normalized": true,
    "rstrip": false,
    "single_word": false
  },
  "errors": "replace",
  "model_max_length": 77,
  "pad_token": "!",
  "tokenizer_class": "CLIPTokenizer",
  "unk_token": {
    "__type": "AddedToken",
    "content": "<|endoftext|>",
    "lstrip": false,
    "normalized": true,
    "rstrip": false,
    "single_word": false
  }
}
