{
  "_class_name": "HunyuanDiTPipeline",
  "_diffusers_version": "0.29.0.dev0",
  "feature_extractor": [
    null,
    null
  ],
  "requires_safety_checker": true,
  "safety_checker": [
    null,
    null
  ],
  "scheduler": [
    "diffusers",
    "DDPMScheduler"
  ],
  "text_encoder": [
    "transformers",
    "BertModel"
  ],
  "text_encoder_2": [
    "transformers",
    "T5EncoderModel"
  ],
  "tokenizer": [
    "transformers",
    "BertTokenizer"
  ],
  "tokenizer_2": [
    "transformers",
    "T5Tokenizer"
  ],
  "transformer": [
    "diffusers",
    "HunyuanDiT2DModel"
  ],
  "vae": [
    "diffusers",
    "AutoencoderKL"
  ]
}
